[{"id":"36764ba9.4346e4","type":"tab","label":"dht 22 and pulse sensor","disabled":false,"info":""},{"id":"1b6f1e1a.020ab2","type":"tab","label":"CO and Fall detection and Emergency Button","disabled":false,"info":""},{"id":"8e1cc4c.e83d138","type":"tab","label":"Distance and Methane Conc","disabled":false,"info":""},{"id":"1db8e91.513cc17","type":"tab","label":"Button to load data","disabled":false,"info":""},{"id":"5abd95b9.22e07c","type":"tab","label":"Flow 1","disabled":false,"info":""},{"id":"986089ab.5aef58","type":"ui_base","z":"","theme":{"name":"theme-custom","lightTheme":{"default":"#0094CE","baseColor":"#008040","baseFont":"-apple-system,BlinkMacSystemFont,Segoe UI,Roboto,Oxygen-Sans,Ubuntu,Cantarell,Helvetica Neue,sans-serif","edited":true,"reset":false},"darkTheme":{"default":"#097479","baseColor":"#097479","baseFont":"-apple-system,BlinkMacSystemFont,Segoe UI,Roboto,Oxygen-Sans,Ubuntu,Cantarell,Helvetica Neue,sans-serif","edited":false},"customTheme":{"name":"Untitled Theme 1","default":"#4B7930","baseColor":"#025934","baseFont":"-apple-system,BlinkMacSystemFont,Segoe UI,Roboto,Oxygen-Sans,Ubuntu,Cantarell,Helvetica Neue,sans-serif","reset":false},"themeState":{"base-color":{"default":"#4B7930","value":"#025934","edited":true},"page-titlebar-backgroundColor":{"value":"#025934","edited":false},"page-backgroundColor":{"value":"#111111","edited":false},"page-sidebar-backgroundColor":{"value":"#000000","edited":false},"group-textColor":{"value":"#04a460","edited":false},"group-borderColor":{"value":"#555555","edited":false},"group-backgroundColor":{"value":"#333333","edited":false},"widget-textColor":{"value":"#ffffff","edited":true},"widget-backgroundColor":{"value":"#025934","edited":false},"widget-borderColor":{"value":"#333333","edited":false},"base-font":{"value":"-apple-system,BlinkMacSystemFont,Segoe UI,Roboto,Oxygen-Sans,Ubuntu,Cantarell,Helvetica Neue,sans-serif"}},"angularTheme":{"primary":"indigo","accents":"blue","warn":"red","background":"grey"}},"site":{"name":"Node-RED Dashboard","hideToolbar":"false","allowSwipe":"false","lockMenu":"false","allowTempTheme":"true","dateFormat":"DD/MM/YYYY","sizes":{"sx":48,"sy":48,"gx":6,"gy":6,"cx":6,"cy":6,"px":0,"py":0}}},{"id":"24d7746f.8e887c","type":"ui_tab","z":"","name":"Fall Detection","icon":"dashboard","order":6,"disabled":false,"hidden":false},{"id":"d1afadfb.6057e","type":"wiotp-credentials","z":"","name":"","org":"b4rysp","serverName":"b4rysp.messaging.internetofthings.ibmcloud.com","devType":"esp8266","devId":"dev02","keepalive":"60","cleansession":true,"tls":"","usetls":false},{"id":"9fdbdfa.004002","type":"cloudant","z":"","host":"https://16ad429e-9d49-4534-afa9-7955a9981991-bluemix:b95ca428fb2cd18ae9106e393f14eb7c45d82fd58bb53c5a04f821607b0e268e@16ad429e-9d49-4534-afa9-7955a9981991-bluemix.cloudant.com","name":"cloudant-xh"},{"id":"a8079ce1.03b9f","type":"wiotp-credentials","z":"","name":"","org":"b4rysp","serverName":"b4rysp.messaging.internetofthings.ibmcloud.com","devType":"Esp8266","devId":"dev01","keepalive":"60","cleansession":true,"tls":"","usetls":false},{"id":"4d12cfda.84695","type":"ibmiot","z":"","name":"IoT","keepalive":"60","serverName":"b4rysp.messaging.internetofthings.ibmcloud.com","cleansession":true,"appId":"","shared":false},{"id":"b2490eaf.0615","type":"ui_tab","z":"","name":"Temperature and Humidity","icon":"dashboard","order":4,"disabled":false,"hidden":false},{"id":"268ef3b4.840b8c","type":"ui_tab","z":"","name":"Pulse Rate","icon":"dashboard","order":5,"disabled":false,"hidden":false},{"id":"60137935.23ae98","type":"ui_group","z":"","name":"Heart Pulse","tab":"268ef3b4.840b8c","order":1,"disp":true,"width":"8","collapse":false},{"id":"d01968d9.dc9898","type":"ui_group","z":"","name":"Temperature","tab":"b2490eaf.0615","order":1,"disp":true,"width":"8","collapse":false},{"id":"57de6bd0.5065b4","type":"ui_spacer","z":0,"name":"spacer","group":"","order":1,"width":"6","height":"7"},{"id":"c9e70e9c.76b5e","type":"ui_spacer","z":0,"name":"spacer","group":"60137935.23ae98","order":1,"width":1,"height":1},{"id":"de20b880.550538","type":"ui_group","z":"","name":"Humidity","tab":"b2490eaf.0615","order":2,"disp":true,"width":"8","collapse":false},{"id":"3fea0451.1b892c","type":"ui_group","z":"","name":"CO ratio","tab":"d51e2761.063558","order":2,"disp":true,"width":"8","collapse":false},{"id":"bc4e91e0.08b7f","type":"twilio-api","z":"","sid":"AC0d537afeba4762328bf0cfadaef5039c","from":"+12029310761","name":"Sms alert to admin"},{"id":"d51e2761.063558","type":"ui_tab","z":"","name":"CO Concentration","icon":"dashboard","order":2,"disabled":false,"hidden":false},{"id":"f87a4ce.9ec62b","type":"ui_group","z":"","name":"CO in ppm","tab":"d51e2761.063558","order":1,"disp":true,"width":"8","collapse":false},{"id":"3d236dd0.37e2e2","type":"ui_spacer","name":"spacer","group":"","order":2,"width":"1","height":"1"},{"id":"df898fda.7b357","type":"ibmiot","z":"","name":"IoT","keepalive":"60","serverName":"b4rysp.messaging.internetofthings.ibmcloud.com","cleansession":true,"appId":"","shared":false},{"id":"1ae3c6.60c67c3b","type":"twilio-api","z":"","sid":"AC1bcfb173073d806e6e1716f329cb2068","from":"+12025195905","name":"sent msg"},{"id":"4498c536.d2f4fc","type":"ui_group","z":"","name":"Recent data","tab":"f4b3058e.c08dc8","order":1,"disp":true,"width":"14","collapse":false},{"id":"50c4284.177ffd8","type":"wiotp-credentials","z":"","name":"","org":"b4rysp","serverName":"b4rysp.messaging.internetofthings.ibmcloud.com","devType":"ESP8266","devId":"dev03","keepalive":"60","cleansession":true,"tls":"","usetls":false},{"id":"75aff069.00fe3","type":"ui_tab","z":"","name":"Methane Concentration","icon":"dashboard","order":3,"disabled":false,"hidden":false},{"id":"46464c6e.854744","type":"ui_group","z":"","name":"Quantity","tab":"75aff069.00fe3","order":1,"disp":true,"width":"14","collapse":false},{"id":"f4b3058e.c08dc8","type":"ui_tab","z":"","name":"Distance","icon":"dashboard","order":7,"disabled":false,"hidden":false},{"id":"711abf88.6e438","type":"ui_group","z":"","name":"State","tab":"24d7746f.8e887c","order":1,"disp":false,"width":"15","collapse":false},{"id":"f8ddc3d5.0089f","type":"wiotp-credentials","z":"","name":"","org":"b4rysp","serverName":"b4rysp.messaging.internetofthings.ibmcloud.com","devType":"Esp8266","devId":"dev01","keepalive":"60","cleansession":true,"tls":"","usetls":false},{"id":"373621ef.c7bd8e","type":"cloudant","z":"","host":"https://16ad429e-9d49-4534-afa9-7955a9981991-bluemix:b95ca428fb2cd18ae9106e393f14eb7c45d82fd58bb53c5a04f821607b0e268e@16ad429e-9d49-4534-afa9-7955a9981991-bluemix.cloudant.com","name":"cloudant-xh"},{"id":"c2e1a522.c87198","type":"ui_group","z":"","name":"Load Sensor Data","tab":"f72a876.5769278","order":1,"disp":true,"width":"6","collapse":false},{"id":"f72a876.5769278","type":"ui_tab","z":"","name":"Button","icon":"dashboard","order":1,"disabled":false,"hidden":false},{"id":"81815008.cfd04","type":"debug","z":"36764ba9.4346e4","name":"","active":false,"tosidebar":true,"console":false,"tostatus":false,"complete":"payload","targetType":"msg","statusVal":"","statusType":"auto","x":390,"y":100,"wires":[]},{"id":"b0fb4281.10af8","type":"change","z":"36764ba9.4346e4","name":"Chart Temperature","rules":[{"t":"set","p":"payload","pt":"msg","to":"payload.d.temperature","tot":"msg"}],"action":"","property":"","from":"","to":"","reg":false,"x":410,"y":140,"wires":[["ac5ade6b.b6cca","d60e35be.41d3d8"]]},{"id":"f5759988.29b188","type":"change","z":"36764ba9.4346e4","name":"Chart Humidity","rules":[{"t":"set","p":"payload","pt":"msg","to":"payload.d.humidity","tot":"msg"}],"action":"","property":"","from":"","to":"","reg":false,"x":400,"y":220,"wires":[["74571299.50b7ec","a0e36cfb.04957"]]},{"id":"23af090.65d7ff8","type":"switch","z":"36764ba9.4346e4","name":"Warn on High Values","property":"payload.d.temp","propertyType":"msg","rules":[{"t":"gt","v":"30","vt":"num"}],"checkall":"true","repair":false,"outputs":1,"x":400,"y":300,"wires":[["d78b7e41.b14e4"]]},{"id":"d78b7e41.b14e4","type":"template","z":"36764ba9.4346e4","name":"Alert Msg temp","field":"payload","fieldType":"msg","format":"handlebars","syntax":"mustache","template":"High value Temperature {{payload.d.temp}}","output":"str","x":620,"y":300,"wires":[["9e86ea09.45fa88","5ffdbf66.ad6f"]]},{"id":"9066668c.1e9ee8","type":"change","z":"36764ba9.4346e4","name":"Heart Pulse","rules":[{"t":"set","p":"payload","pt":"msg","to":"payload.d.heart","tot":"msg"}],"action":"","property":"","from":"","to":"","reg":false,"x":370,"y":340,"wires":[["321f08a.e0179f8","a9e6ace4.2c316"]]},{"id":"93ac9fa8.ef9cc","type":"switch","z":"36764ba9.4346e4","name":"warn on  BPM","property":"payload.d.heart","propertyType":"msg","rules":[{"t":"lte","v":"80","vt":"num"},{"t":"gte","v":"170","vt":"num"}],"checkall":"true","repair":false,"outputs":2,"x":380,"y":400,"wires":[["d343f5a1.3ed688"],["6d09f50f.aad33c"]]},{"id":"d343f5a1.3ed688","type":"template","z":"36764ba9.4346e4","name":"Alert","field":"payload","fieldType":"msg","format":"handlebars","syntax":"mustache","template":"Alert : Low BPM detected : {{payload.d.heart}}","output":"str","x":650,"y":420,"wires":[["9e6c8807.f94c58","ed08a42.451ce58","7ed541c4.d8a1b","5ffdbf66.ad6f"]]},{"id":"9ad98fb4.d2b26","type":"function","z":"36764ba9.4346e4","name":"retrieve data","func":" msg.payload.time = new Date().getTime();\n msg.payload.deviceId = msg.deviceId;\n return msg;","outputs":1,"noerr":0,"initialize":"","finalize":"","x":400,"y":60,"wires":[["4fee580d.981f88"]]},{"id":"4fee580d.981f88","type":"cloudant out","z":"36764ba9.4346e4","name":"store data","cloudant":"","database":"store","service":"node-red-deloitte-cloudant-1589797218847","payonly":true,"operation":"insert","x":720,"y":60,"wires":[]},{"id":"5ffbb916.380c88","type":"function","z":"36764ba9.4346e4","name":"send data frm db to watson iot","func":"var msgs = [];\nfor (var i =0;i< msg.payload.length;i++){\n    msgs.push({payload: msg.payload[i]});\n    //return({payload: msg.payload[0].d});\n    //return{payload:msgs[0].payload.d};\n   \n}\nreturn [msgs];\n","outputs":1,"noerr":0,"initialize":"","finalize":"","x":570,"y":540,"wires":[["2b8e96be.bf077a","e7a75def.7dc27"]]},{"id":"e7a75def.7dc27","type":"wiotp out","z":"36764ba9.4346e4","authType":"d","qs":"false","qsDeviceId":"","deviceKey":"a8079ce1.03b9f","deviceType":"","deviceId":"","event":"sensor data","format":"json","qos":"0","name":"","x":890,"y":540,"wires":[]},{"id":"de0558cc.d5bae8","type":"cloudant in","z":"36764ba9.4346e4","name":"","cloudant":"9fdbdfa.004002","database":"store","service":"node-red-deloitte-cloudant-1589797218847","search":"_all_","design":"","index":"","x":310,"y":540,"wires":[["5ffbb916.380c88"]]},{"id":"99d51741.5447e8","type":"ibmiot in","z":"36764ba9.4346e4","authentication":"apiKey","apiKey":"4d12cfda.84695","inputType":"evt","logicalInterface":"","ruleId":"","deviceId":"dev01","applicationId":"","deviceType":"Esp8266","eventType":"+","commandType":"","format":"json","name":"IBM IoT","service":"registered","allDevices":false,"allApplications":"","allDeviceTypes":false,"allLogicalInterfaces":"","allEvents":true,"allCommands":"","allFormats":true,"qos":0,"x":110,"y":180,"wires":[["81815008.cfd04","b0fb4281.10af8","f5759988.29b188","23af090.65d7ff8","9066668c.1e9ee8","93ac9fa8.ef9cc","a19ffc6e.20a4e"]]},{"id":"321f08a.e0179f8","type":"ui_gauge","z":"36764ba9.4346e4","name":"","group":"60137935.23ae98","order":1,"width":"6","height":"6","gtype":"compass","title":"BPM","label":"BPM","format":"{{value}}","min":"0","max":"200","colors":["#c60f00","#0bdb0b","#4aed14"],"seg1":"80","seg2":"","x":610,"y":380,"wires":[]},{"id":"9e86ea09.45fa88","type":"ui_toast","z":"36764ba9.4346e4","position":"top right","displayTime":"5","highlight":"","sendall":true,"outputs":0,"ok":"OK","cancel":"","raw":false,"topic":"","name":"","x":960,"y":300,"wires":[]},{"id":"9e6c8807.f94c58","type":"ui_toast","z":"36764ba9.4346e4","position":"top right","displayTime":"3","highlight":"","sendall":true,"outputs":0,"ok":"OK","cancel":"","raw":false,"topic":"","name":"","x":940,"y":420,"wires":[]},{"id":"71aeb8e3.1806b8","type":"debug","z":"1b6f1e1a.020ab2","name":"msg with values","active":true,"tosidebar":true,"console":false,"tostatus":false,"complete":"true","targetType":"full","x":280,"y":20,"wires":[]},{"id":"81e190dc.c5cdf","type":"change","z":"1b6f1e1a.020ab2","name":"co ratio","rules":[{"t":"set","p":"payload","pt":"msg","to":"payload.d.co","tot":"msg"}],"action":"","property":"","from":"","to":"","reg":false,"x":260,"y":60,"wires":[["f8d0520c.b9e8d","4c2f20bf.5304b"]]},{"id":"7f68e11e.cff96","type":"change","z":"1b6f1e1a.020ab2","name":"CO_ppm","rules":[{"t":"set","p":"payload","pt":"msg","to":"payload.d.CO_ppm","tot":"msg"}],"action":"","property":"","from":"","to":"","reg":false,"x":260,"y":100,"wires":[["d98be6b.c295118","922e3ea7.921ca"]]},{"id":"f8d0520c.b9e8d","type":"ui_chart","z":"1b6f1e1a.020ab2","name":"co ratio plot","group":"3fea0451.1b892c","order":2,"width":0,"height":0,"label":"Recent History","chartType":"line","legend":"false","xformat":"HH:mm:ss","interpolate":"linear","nodata":"","dot":false,"ymin":"","ymax":"","removeOlder":"1","removeOlderPoints":"","removeOlderUnit":"3600","cutout":0,"useOneColor":false,"useUTC":false,"colors":["#f906d0","#aec7e8","#ff7f0e","#2ca02c","#98df8a","#d62728","#ff9896","#9467bd","#c5b0d5"],"useOldStyle":false,"outputs":1,"x":530,"y":60,"wires":[[]]},{"id":"1046eb30.ebf0c5","type":"switch","z":"1b6f1e1a.020ab2","name":"Warn on High values of CO_ppm","property":"payload.d.CO_ppm","propertyType":"msg","rules":[{"t":"gte","v":"3.05","vt":"str"}],"checkall":"true","repair":false,"outputs":1,"x":320,"y":480,"wires":[["ce10cc4d.3df17"]]},{"id":"ce10cc4d.3df17","type":"template","z":"1b6f1e1a.020ab2","name":"Alert on High Values of CO_ppm","field":"payload","fieldType":"msg","format":"handlebars","syntax":"mustache","template":"Alert : Critical Value of CO in ppm Detected ={{payload.d.CO_ppm}}","output":"str","x":610,"y":480,"wires":[["1295d59a.74a5ea","df7b2bfe.e48be8","60f009e8.e88198"]]},{"id":"1295d59a.74a5ea","type":"ui_toast","z":"1b6f1e1a.020ab2","position":"top left","displayTime":"","highlight":"","sendall":true,"outputs":0,"ok":"OK","cancel":"","raw":false,"topic":"","name":"","x":840,"y":420,"wires":[]},{"id":"7f963546.a6ef6c","type":"change","z":"1b6f1e1a.020ab2","name":"Amplitude vector","rules":[{"t":"set","p":"payload","pt":"msg","to":"payload.d.AM","tot":"msg"}],"action":"","property":"","from":"","to":"","reg":false,"x":270,"y":160,"wires":[["af3b88e5.f944c8"]]},{"id":"b7e65fb6.132d8","type":"switch","z":"1b6f1e1a.020ab2","name":"Warn if fall detected","property":"payload.d.AM","propertyType":"msg","rules":[{"t":"eq","v":"1","vt":"str"}],"checkall":"true","repair":false,"outputs":1,"x":270,"y":520,"wires":[["1220f7b5.8fd1a8"]]},{"id":"1220f7b5.8fd1a8","type":"template","z":"1b6f1e1a.020ab2","name":"Alert on Fall","field":"payload","fieldType":"msg","format":"handlebars","syntax":"mustache","template":"Alert : The person has fallen. Immediate Attention needed.","output":"str","x":470,"y":520,"wires":[["2d5dad12.095232","35f9451f.0fe2aa"]]},{"id":"2d5dad12.095232","type":"ui_toast","z":"1b6f1e1a.020ab2","position":"top left","displayTime":"3","highlight":"","sendall":true,"outputs":0,"ok":"OK","cancel":"","raw":false,"topic":"","name":"","x":840,"y":500,"wires":[]},{"id":"38855a10.b7b8d6","type":"switch","z":"1b6f1e1a.020ab2","name":"Warn if pressed Emergency Button","property":"payload.d.button","propertyType":"msg","rules":[{"t":"eq","v":"1","vt":"str"}],"checkall":"true","repair":false,"outputs":1,"x":300,"y":600,"wires":[["ac51a173.66677"]]},{"id":"ac51a173.66677","type":"template","z":"1b6f1e1a.020ab2","name":"Alert on Emergency Button","field":"payload","fieldType":"msg","format":"handlebars","syntax":"mustache","template":"Alert : The person pressed emergency button.Help needed.","output":"str","x":600,"y":580,"wires":[["15e07d6f.7054b3","cf6cf14d.9700d"]]},{"id":"60f009e8.e88198","type":"twilio out","z":"1b6f1e1a.020ab2","service":"_ext_","twilio":"bc4e91e0.08b7f","from":"","number":"+918921335867","name":"Sms alert to admin","x":850,"y":380,"wires":[]},{"id":"66c71f55.66dbe","type":"http in","z":"1b6f1e1a.020ab2","name":"","url":"/sevak","method":"get","upload":false,"swaggerDoc":"","x":110,"y":900,"wires":[["44b93ce2.a7d914"]]},{"id":"528870aa.2c41b","type":"http in","z":"1b6f1e1a.020ab2","name":"","url":"/sevak","method":"post","upload":false,"swaggerDoc":"","x":90,"y":1120,"wires":[["47159ca3.02a224","9f55d3ed.f567d","b51eb34e.990f5"]]},{"id":"44b93ce2.a7d914","type":"function","z":"1b6f1e1a.020ab2","name":"msg.url = \"sevak\";","func":"msg.url = \"sevak\";\nreturn msg;","outputs":1,"noerr":0,"x":290,"y":900,"wires":[["652b9f53.29bfb"]]},{"id":"47159ca3.02a224","type":"debug","z":"1b6f1e1a.020ab2","name":"sevak","active":true,"tosidebar":true,"console":false,"tostatus":false,"complete":"payload","targetType":"msg","x":230,"y":1160,"wires":[]},{"id":"eb88e1d0.5cf7c","type":"http response","z":"1b6f1e1a.020ab2","name":"","statusCode":"","headers":{},"x":890,"y":1140,"wires":[]},{"id":"27e46d17.caa7b2","type":"template","z":"1b6f1e1a.020ab2","name":"CSS","field":"payload.style","fieldType":"msg","format":"html","syntax":"mustache","template":"input[type=text], select {\n    width: 100%;\n    padding: 12px 20px;\n    margin: 8px 0;\n    display: inline-block;\n    border: 1px solid #ccc;\n    border-radius: 4px;\n    box-sizing: border-box;\n}\n\ninput[type=submit] {\n    width: 100%;\n    background-color: #4CAF50;\n    color: white;\n    padding: 14px 20px;\n    margin: 8px 0;\n    border: none;\n    border-radius: 4px;\n    cursor: pointer;\n}\n\ninput[type=submit]:hover {\n    background-color: #45a049;\n}\n\ndiv {\n    border-radius: 5px;\n    background-color: #f2f2f2;\n    padding: 20px;\n}","x":630,"y":900,"wires":[["c56ae419.a319b8"]]},{"id":"652b9f53.29bfb","type":"template","z":"1b6f1e1a.020ab2","name":"JavaScript","field":"payload.script","fieldType":"msg","format":"javascript","syntax":"plain","template":"$(document).ready(function(e) {\n    \n    $(\"form[ajax=true]\").submit(function(e) {\n        \n        e.preventDefault();\n        \n        var form_data = $(this).serialize();\n        var form_url = $(this).attr(\"action\");\n        var form_method = $(this).attr(\"method\").toUpperCase();\n        \n        $(\"#loadingimg\").show();\n        \n        $.ajax({\n            url: form_url, \n            type: form_method,      \n            data: form_data,     \n            cache: false,\n            success: function(returnhtml){                          \n                $(\"#result\").html(returnhtml); \n                $(\"#loadingimg\").hide();                    \n            }           \n        });    \n        \n    });\n    \n});","x":470,"y":900,"wires":[["27e46d17.caa7b2"]]},{"id":"acf55ddc.c8286","type":"http response","z":"1b6f1e1a.020ab2","name":"","statusCode":"","headers":{},"x":910,"y":900,"wires":[]},{"id":"c56ae419.a319b8","type":"template","z":"1b6f1e1a.020ab2","name":"HTML","field":"payload","fieldType":"msg","format":"handlebars","syntax":"mustache","template":"<html>\n  <head>\n    <title>Sevak Employment Registration</title>\n    <meta name=\"viewport\" content=\"initial-scale=1.0, user-scalable=no\">\n    <meta charset=\"utf-8\">\n    <script src=\"http://cdnjs.cloudflare.com/ajax/libs/jquery/2.1.0/jquery.min.js\"></script>\n    <style>{{{payload.style}}}</style>\n  </head>\n  \n\n    <h2>Sevak Employment Registration</h2>\n    \n\n<div>\n  <form method=\"post\" action=\"/{{url}}\" ajax=\"true\">\n    <label for=\"First Name\">First Name</label>\n    <input type=\"text\" id=\"First Name\" name=\"First Name\">\n\n    <label for=\"Last Name\">Last Name</label>\n    <input type=\"text\" id=\"Last Name\" name=\"Last Name\">\n    \n    <label for=\"Age\">Age</label>\n    <input type=\"text\" id=\"Age\" name=\"Age\">\n    \n    <label for=\"Phone Number\">Phone Number</label>\n    <input type=\"text\" id=\"Phone Number\" name=\"Phone Number\">\n    \n    \n    <label for=\"Address\">Address</label>\n    <input type=\"text\" id=\"Address\" name=\"Address\">\n    \n    <label for=\"Country\">Country</label>\n    <select id=\"Country\" name=\"Country\">\n      <option value=\"india\">India</option>\n    </select>\n  \n    <input type=\"submit\" value=\"Submit\">\n  </form>\n</div>\n<div>\n    <span id=\"result\"></span>\n</div>\n\n</body>\n</html>\n<script>{{{payload.script}}}</script>","x":770,"y":900,"wires":[["acf55ddc.c8286"]]},{"id":"9f55d3ed.f567d","type":"json","z":"1b6f1e1a.020ab2","name":"","property":"payload","action":"","pretty":false,"x":230,"y":1080,"wires":[["1ad1d0a3.67817f"]]},{"id":"d4c50f1e.1f669","type":"comment","z":"1b6f1e1a.020ab2","name":"Form Submission","info":"","x":100,"y":1020,"wires":[]},{"id":"1ad1d0a3.67817f","type":"function","z":"1b6f1e1a.020ab2","name":"return msg.payload to client","func":"msg.payload = 'The following data was submitted and available in the msg.payload: '+msg.payload;\nreturn msg;","outputs":1,"noerr":0,"x":420,"y":1080,"wires":[["b447aeff.eccb8"]]},{"id":"d146923e.d30e8","type":"template","z":"1b6f1e1a.020ab2","name":"CSS","field":"payload.style","fieldType":"msg","format":"html","syntax":"mustache","template":"input[type=text], select {\n    width: 100%;\n    padding: 12px 20px;\n    margin: 8px 0;\n    display: inline-block;\n    border: 1px solid #ccc;\n    border-radius: 4px;\n    box-sizing: border-box;\n}\n\ninput[type=submit] {\n    width: 100%;\n    background-color: #4CAF50;\n    color: white;\n    padding: 14px 20px;\n    margin: 8px 0;\n    border: none;\n    border-radius: 4px;\n    cursor: pointer;\n}\n\ninput[type=submit]:hover {\n    background-color: #45a049;\n}\n\ndiv {\n    border-radius: 5px;\n    background-color: #f2f2f2;\n    padding: 20px;\n}","x":770,"y":1080,"wires":[["a67e0387.579dd"]]},{"id":"b447aeff.eccb8","type":"template","z":"1b6f1e1a.020ab2","name":"JavaScript","field":"payload.script","fieldType":"msg","format":"javascript","syntax":"plain","template":"$(document).ready(function(e) {\n    \n    $(\"form[ajax=true]\").submit(function(e) {\n        \n        e.preventDefault();\n        \n        var form_data = $(this).serialize();\n        var form_url = $(this).attr(\"action\");\n        var form_method = $(this).attr(\"method\").toUpperCase();\n        \n        $(\"#loadingimg\").show();\n        \n        $.ajax({\n            url: form_url, \n            type: form_method,      \n            data: form_data,     \n            cache: false,\n            success: function(returnhtml){                          \n                $(\"#result\").html(returnhtml); \n                $(\"#loadingimg\").hide();                    \n            }           \n        });    \n        \n    });\n    \n});","x":630,"y":1080,"wires":[["d146923e.d30e8"]]},{"id":"a67e0387.579dd","type":"template","z":"1b6f1e1a.020ab2","name":"HTML","field":"payload","fieldType":"msg","format":"handlebars","syntax":"mustache","template":"<html>\n  <head>\n    <title>Sevak Employment Registration</title>\n    <meta name=\"viewport\" content=\"initial-scale=1.0, user-scalable=no\">\n    <meta charset=\"utf-8\">\n    <script src=\"http://cdnjs.cloudflare.com/ajax/libs/jquery/2.1.0/jquery.min.js\"></script>\n    <style>{{{payload.style}}}</style>\n  </head>\n  \n\n    <h2>Sevak Employment Registration Completed Successfully.</h2>\n    <button type=\"button\"<h4><a href=\"https://node-red-tmran.eu-gb.mybluemix.net/sevak\">Click to go back.</a></h4></button>\n\n\n\n</body>\n</html>\n<script>{{{payload.script}}}</script>","x":890,"y":1080,"wires":[["eb88e1d0.5cf7c"]]},{"id":"b51eb34e.990f5","type":"cloudant out","z":"1b6f1e1a.020ab2","name":"Sevak db","cloudant":"","database":"employee_data_db","service":"node-red-deloitte-cloudant-1589797218847","payonly":true,"operation":"insert","x":240,"y":1120,"wires":[]},{"id":"4c2f20bf.5304b","type":"ui_gauge","z":"1b6f1e1a.020ab2","name":"","group":"3fea0451.1b892c","order":5,"width":0,"height":0,"gtype":"donut","title":"CO Ratio","label":"units","format":"{{value}}","min":0,"max":"100","colors":["#00b500","#e6e600","#ca3838"],"seg1":"","seg2":"","x":520,"y":20,"wires":[]},{"id":"5e57db4f.6e1084","type":"function","z":"1b6f1e1a.020ab2","name":"retrieve data","func":" msg.payload.time = new Date().getTime();\n msg.payload.deviceId = msg.deviceId;\n return msg;","outputs":1,"noerr":0,"x":230,"y":680,"wires":[["53d95283.ef675c"]]},{"id":"53d95283.ef675c","type":"cloudant out","z":"1b6f1e1a.020ab2","name":"to_watson","cloudant":"","database":"store","service":"node-red-deloitte-cloudant-1589797218847","payonly":true,"operation":"insert","x":410,"y":680,"wires":[]},{"id":"5bf576ad.9bfde8","type":"ibmiot in","z":"1b6f1e1a.020ab2","authentication":"apiKey","apiKey":"df898fda.7b357","inputType":"evt","logicalInterface":"","ruleId":"","deviceId":"dev01","applicationId":"","deviceType":"Esp8266","eventType":"+","commandType":"","format":"json","name":"IBM IoT","service":"registered","allDevices":false,"allApplications":"","allDeviceTypes":false,"allLogicalInterfaces":"","allEvents":true,"allCommands":"","allFormats":true,"qos":0,"x":70,"y":300,"wires":[["71aeb8e3.1806b8","81e190dc.c5cdf","7f68e11e.cff96","7f963546.a6ef6c","1046eb30.ebf0c5","b7e65fb6.132d8","38855a10.b7b8d6"]]},{"id":"6b6a5cc7.218f74","type":"function","z":"1b6f1e1a.020ab2","name":"send data frm db to watson iot","func":"var msgs = [];\nfor (var i =0;i< msg.payload.length;i++){\n    msgs.push({payload: msg.payload[i]});\n    //return({payload: msg.payload[0].d});\n    //return{payload:msgs[0].payload.d};\n   \n}\nreturn [msgs];\n","outputs":1,"noerr":0,"x":590,"y":1280,"wires":[["109cfa56.c52296","d0771851.07ee38"]]},{"id":"b58762e3.d24c2","type":"inject","z":"1b6f1e1a.020ab2","name":"send","props":[{"p":"payload"},{"p":"topic","vt":"str"}],"repeat":"68400","crontab":"","once":false,"onceDelay":0.1,"topic":"","payload":"","payloadType":"date","x":110,"y":1280,"wires":[["e887ac9b.50459"]]},{"id":"109cfa56.c52296","type":"wiotp out","z":"1b6f1e1a.020ab2","authType":"d","qs":"false","qsDeviceId":"","deviceKey":"d1afadfb.6057e","deviceType":"","deviceId":"","event":"sensor data","format":"json","qos":"0","name":"","x":850,"y":1240,"wires":[]},{"id":"e887ac9b.50459","type":"cloudant in","z":"1b6f1e1a.020ab2","name":"","cloudant":"9fdbdfa.004002","database":"store","service":"node-red-deloitte-cloudant-1589797218847","search":"_all_","design":"","index":"","x":270,"y":1280,"wires":[["6b6a5cc7.218f74"]]},{"id":"d0771851.07ee38","type":"debug","z":"1b6f1e1a.020ab2","name":"","active":true,"tosidebar":true,"console":false,"tostatus":false,"complete":"true","targetType":"full","x":830,"y":1280,"wires":[]},{"id":"d98be6b.c295118","type":"ui_gauge","z":"1b6f1e1a.020ab2","name":"","group":"f87a4ce.9ec62b","order":3,"width":0,"height":0,"gtype":"compass","title":"CO","label":"ppm","format":"{{value}}","min":0,"max":10,"colors":["#00b500","#e6e600","#ca3838"],"seg1":"","seg2":"","x":510,"y":100,"wires":[]},{"id":"af3b88e5.f944c8","type":"ui_chart","z":"1b6f1e1a.020ab2","name":"","group":"711abf88.6e438","order":2,"width":"0","height":"0","label":"Amplitude Vector","chartType":"line","legend":"false","xformat":"HH:mm:ss","interpolate":"linear","nodata":"","dot":false,"ymin":"","ymax":"","removeOlder":1,"removeOlderPoints":"","removeOlderUnit":"3600","cutout":0,"useOneColor":false,"useUTC":false,"colors":["#1f77b4","#aec7e8","#ff7f0e","#2ca02c","#98df8a","#d62728","#ff9896","#9467bd","#c5b0d5"],"useOldStyle":false,"outputs":1,"x":550,"y":180,"wires":[[]]},{"id":"15e07d6f.7054b3","type":"ui_audio","z":"1b6f1e1a.020ab2","name":"","group":"f87a4ce.9ec62b","voice":"en-US","always":true,"x":820,"y":580,"wires":[]},{"id":"35f9451f.0fe2aa","type":"ui_audio","z":"1b6f1e1a.020ab2","name":"","group":"711abf88.6e438","voice":"en-US","always":true,"x":820,"y":540,"wires":[]},{"id":"df7b2bfe.e48be8","type":"ui_audio","z":"1b6f1e1a.020ab2","name":"","group":"f87a4ce.9ec62b","voice":"en-US","always":true,"x":820,"y":460,"wires":[]},{"id":"6d09f50f.aad33c","type":"template","z":"36764ba9.4346e4","name":"alert","field":"payload","fieldType":"msg","format":"handlebars","syntax":"mustache","template":"High BPM detected : {{payload.d.heart}} !","output":"str","x":630,"y":460,"wires":[["fa776090.11572","5ffdbf66.ad6f"]]},{"id":"fa776090.11572","type":"ui_toast","z":"36764ba9.4346e4","position":"bottom right","displayTime":"1 seconds","highlight":"","sendall":true,"outputs":0,"ok":"OK","cancel":"","raw":false,"topic":"","name":"","x":960,"y":460,"wires":[]},{"id":"a19ffc6e.20a4e","type":"switch","z":"36764ba9.4346e4","name":"warn on high humidity ","property":"payload.d.humidity","propertyType":"msg","rules":[{"t":"gte","v":"70","vt":"str"}],"checkall":"true","repair":false,"outputs":1,"x":400,"y":260,"wires":[["ab69c3e1.577bc"]]},{"id":"ab69c3e1.577bc","type":"template","z":"36764ba9.4346e4","name":"alert for humidity","field":"payload","fieldType":"msg","format":"handlebars","syntax":"mustache","template":"High humidity {{payload.d.humidity}} ","output":"str","x":620,"y":260,"wires":[["a37e6553.6d40a8","5ffdbf66.ad6f"]]},{"id":"a37e6553.6d40a8","type":"ui_toast","z":"36764ba9.4346e4","position":"top right","displayTime":"3","highlight":"","sendall":true,"outputs":0,"ok":"OK","cancel":"","raw":false,"topic":"","name":"","x":960,"y":260,"wires":[]},{"id":"91482733.2dc318","type":"change","z":"8e1cc4c.e83d138","name":"Chart distance","rules":[{"t":"set","p":"payload","pt":"msg","to":"payload.d.distance","tot":"msg"}],"action":"","property":"","from":"","to":"","reg":false,"x":400,"y":80,"wires":[["4aadb747.2776b8","7f43e333.c87fec","b18f6805.237a68"]]},{"id":"22ad9222.14e55e","type":"switch","z":"8e1cc4c.e83d138","name":"Warn on High Values","property":"payload.d.distance","propertyType":"msg","rules":[{"t":"gt","v":"82","vt":"num"}],"checkall":"true","repair":false,"outputs":1,"x":400,"y":160,"wires":[["4073690f.4ce438"]]},{"id":"b18f6805.237a68","type":"ui_chart","z":"8e1cc4c.e83d138","name":"","group":"4498c536.d2f4fc","order":1,"width":"7","height":"5","label":"distance","chartType":"line","legend":"false","xformat":"HH:mm:ss","interpolate":"linear","nodata":"","dot":false,"ymin":"","ymax":"","removeOlder":"1","removeOlderPoints":"","removeOlderUnit":"3600","cutout":0,"useOneColor":false,"useUTC":false,"colors":["#1f77b4","#aec7e8","#ff7f0e","#2ca02c","#98df8a","#d62728","#ff9896","#9467bd","#c5b0d5"],"useOldStyle":false,"outputs":1,"x":640,"y":80,"wires":[[]]},{"id":"d61b53d.78ab8b","type":"ui_toast","z":"8e1cc4c.e83d138","position":"bottom left","displayTime":"1","highlight":"","sendall":true,"outputs":0,"ok":"OK","cancel":"","raw":false,"topic":"","name":"","x":820,"y":160,"wires":[]},{"id":"e4f564b0.52da88","type":"ibmiot in","z":"8e1cc4c.e83d138","authentication":"apiKey","apiKey":"4d12cfda.84695","inputType":"evt","logicalInterface":"","ruleId":"","deviceId":"dev01","applicationId":"","deviceType":"Esp8266","eventType":"+","commandType":"","format":"json","name":"IBM IoT","service":"registered","allDevices":false,"allApplications":"","allDeviceTypes":false,"allLogicalInterfaces":"","allEvents":true,"allCommands":"","allFormats":true,"qos":0,"x":110,"y":300,"wires":[["91482733.2dc318","22ad9222.14e55e","491d35cf.4244cc","3e17567c.11931a","db5cbb63.7e8bd8"]]},{"id":"4aadb747.2776b8","type":"ui_gauge","z":"8e1cc4c.e83d138","name":"","group":"4498c536.d2f4fc","order":0,"width":"5","height":"5","gtype":"compass","title":"gauge","label":"cm","format":"{{value}}","min":"0","max":"100","colors":["#00b500","#e6e600","#ca3838"],"seg1":"25","seg2":"75","x":630,"y":120,"wires":[]},{"id":"491d35cf.4244cc","type":"change","z":"8e1cc4c.e83d138","name":"Chart concentration","rules":[{"t":"set","p":"payload","pt":"msg","to":"payload.d.gas","tot":"msg"}],"action":"","property":"","from":"","to":"","reg":false,"x":410,"y":260,"wires":[["fd639914.d61eb8","7c00737f.6dbaac"]]},{"id":"3e17567c.11931a","type":"switch","z":"8e1cc4c.e83d138","name":"Warn on High Values","property":"payload.d.gas","propertyType":"msg","rules":[{"t":"gt","v":"8.2","vt":"num"}],"checkall":"true","repair":false,"outputs":1,"x":420,"y":320,"wires":[["a693188c.c4acd8"]]},{"id":"fd639914.d61eb8","type":"ui_chart","z":"8e1cc4c.e83d138","name":"","group":"46464c6e.854744","order":1,"width":"6","height":"6","label":"gas conc","chartType":"line","legend":"false","xformat":"HH:mm:ss","interpolate":"linear","nodata":"","dot":false,"ymin":"","ymax":"","removeOlder":"1","removeOlderPoints":"","removeOlderUnit":"3600","cutout":0,"useOneColor":false,"useUTC":false,"colors":["#1f77b4","#aec7e8","#ff7f0e","#2ca02c","#98df8a","#d62728","#ff9896","#9467bd","#c5b0d5"],"useOldStyle":false,"outputs":1,"x":640,"y":200,"wires":[[]]},{"id":"7c00737f.6dbaac","type":"ui_gauge","z":"8e1cc4c.e83d138","name":"","group":"46464c6e.854744","order":0,"width":"6","height":"6","gtype":"compass","title":"gauge","label":"ppm","format":"{{value}}","min":"0","max":"8","colors":["#00b500","#e6e600","#ca3838"],"seg1":"","seg2":"","x":630,"y":240,"wires":[]},{"id":"16f00930.1057c7","type":"ui_toast","z":"8e1cc4c.e83d138","position":"bottom left","displayTime":"1","highlight":"","sendall":true,"outputs":0,"ok":"OK","cancel":"","raw":false,"topic":"","name":"","x":820,"y":340,"wires":[]},{"id":"db5cbb63.7e8bd8","type":"change","z":"8e1cc4c.e83d138","name":"Chart ratio","rules":[{"t":"set","p":"payload","pt":"msg","to":"payload.d.gasratio","tot":"msg"}],"action":"","property":"","from":"","to":"","reg":false,"x":390,"y":400,"wires":[["67e03f55.31f7b","a0d59e39.31b2f"]]},{"id":"67e03f55.31f7b","type":"ui_chart","z":"8e1cc4c.e83d138","name":"","group":"46464c6e.854744","order":1,"width":"6","height":"6","label":"gas ratio of ch4","chartType":"line","legend":"false","xformat":"HH:mm:ss","interpolate":"linear","nodata":"","dot":false,"ymin":"","ymax":"","removeOlder":"1","removeOlderPoints":"","removeOlderUnit":"3600","cutout":0,"useOneColor":false,"useUTC":false,"colors":["#1f77b4","#aec7e8","#ff7f0e","#2ca02c","#98df8a","#d62728","#ff9896","#9467bd","#c5b0d5"],"useOldStyle":false,"outputs":1,"x":660,"y":380,"wires":[[]]},{"id":"a0d59e39.31b2f","type":"ui_gauge","z":"8e1cc4c.e83d138","name":"","group":"46464c6e.854744","order":0,"width":"6","height":"6","gtype":"gage","title":"gauge","label":"ratio CH4","format":"{{value}}","min":"0","max":"0.3","colors":["#00b500","#e6e600","#ca3838"],"seg1":"","seg2":"","x":630,"y":420,"wires":[]},{"id":"4073690f.4ce438","type":"template","z":"8e1cc4c.e83d138","name":"Alert Msg","field":"payload","fieldType":"msg","format":"handlebars","syntax":"mustache","template":"Alert : Critical distance Detected latitude: {{payload.d.lat}}\nlongitude : {{payload.d.lng}}","output":"str","x":640,"y":160,"wires":[["d61b53d.78ab8b","3afd526a.aeca3e"]]},{"id":"a693188c.c4acd8","type":"template","z":"8e1cc4c.e83d138","name":"Alert Msg","field":"payload","fieldType":"msg","format":"handlebars","syntax":"mustache","template":"Alert : Critical gas conc Detected latitude: {{payload.d.lat}}\nlongitude : {{payload.d.lng}}","output":"str","x":640,"y":320,"wires":[["16f00930.1057c7","3afd526a.aeca3e","25872015.4aa0d"]]},{"id":"7f43e333.c87fec","type":"debug","z":"8e1cc4c.e83d138","name":"","active":false,"tosidebar":true,"console":false,"tostatus":false,"complete":"true","targetType":"full","x":630,"y":40,"wires":[]},{"id":"50fcc713.07a3e8","type":"inject","z":"36764ba9.4346e4","name":"","props":[{"p":"payload"},{"p":"topic","vt":"str"}],"repeat":"43200","crontab":"","once":false,"onceDelay":0.1,"topic":"","payload":"","payloadType":"date","x":130,"y":540,"wires":[["de0558cc.d5bae8"]]},{"id":"25872015.4aa0d","type":"twilio out","z":"8e1cc4c.e83d138","twilio":"1ae3c6.60c67c3b","number":"+918089778170","name":"","x":790,"y":300,"wires":[]},{"id":"2b8e96be.bf077a","type":"debug","z":"36764ba9.4346e4","name":"msgsend","active":true,"tosidebar":true,"console":false,"tostatus":false,"complete":"payload","targetType":"msg","x":900,"y":600,"wires":[]},{"id":"3afd526a.aeca3e","type":"ui_audio","z":"8e1cc4c.e83d138","name":"","group":"4498c536.d2f4fc","voice":"en-US","always":"","x":800,"y":220,"wires":[]},{"id":"d84563a.e1b05a","type":"function","z":"8e1cc4c.e83d138","name":"store data","func":"msg.payload.d = {\n        time:    new Date().getTime(),\n        distance: msg.payload.d.distance,\n        gas:msg.payload.d.gas,\n        ratio:msg.payload.d.ratio,\n        lat:msg.payload.d.lat,\n        lng:msg.payload.d.lng,\n        \n    } ;\nreturn msg;","outputs":1,"noerr":0,"initialize":"","finalize":"","x":360,"y":480,"wires":[["946f5746.9821f8"]]},{"id":"946f5746.9821f8","type":"cloudant out","z":"8e1cc4c.e83d138","name":"","cloudant":"","database":"device3","service":"node-red-deloitte-cloudant-1589797218847","payonly":true,"operation":"insert","x":620,"y":480,"wires":[]},{"id":"ac5ade6b.b6cca","type":"ui_gauge","z":"36764ba9.4346e4","name":"","group":"d01968d9.dc9898","order":1,"width":"6","height":"6","gtype":"donut","title":"Temperature","label":"Celsius","format":"{{value}}","min":0,"max":"60","colors":["#00b500","#e6e600","#ca3838"],"seg1":"40","seg2":"60","x":630,"y":140,"wires":[]},{"id":"74571299.50b7ec","type":"ui_gauge","z":"36764ba9.4346e4","name":"","group":"de20b880.550538","order":1,"width":"6","height":"6","gtype":"wave","title":"Humidity","label":"%","format":"{{value}}","min":0,"max":"100","colors":["#00b500","#e6e600","#ca3838"],"seg1":"","seg2":"","x":620,"y":220,"wires":[]},{"id":"a9e6ace4.2c316","type":"ui_chart","z":"36764ba9.4346e4","name":"","group":"60137935.23ae98","order":2,"width":0,"height":0,"label":"Recent History","chartType":"line","legend":"false","xformat":"HH:mm:ss","interpolate":"linear","nodata":"","dot":false,"ymin":"","ymax":"","removeOlder":1,"removeOlderPoints":"","removeOlderUnit":"3600","cutout":0,"useOneColor":false,"useUTC":false,"colors":["#09ff05","#aec7e8","#ff7f0e","#2ca02c","#98df8a","#d62728","#ff9896","#9467bd","#c5b0d5"],"useOldStyle":false,"outputs":1,"x":620,"y":340,"wires":[[]]},{"id":"a0e36cfb.04957","type":"ui_chart","z":"36764ba9.4346e4","name":"","group":"de20b880.550538","order":2,"width":0,"height":0,"label":"Recent History","chartType":"line","legend":"false","xformat":"HH:mm:ss","interpolate":"linear","nodata":"","dot":false,"ymin":"","ymax":"","removeOlder":1,"removeOlderPoints":"","removeOlderUnit":"3600","cutout":0,"useOneColor":false,"useUTC":false,"colors":["#f2f604","#aec7e8","#ff7f0e","#2ca02c","#98df8a","#d62728","#ff9896","#9467bd","#c5b0d5"],"useOldStyle":false,"outputs":1,"x":640,"y":180,"wires":[[]]},{"id":"d60e35be.41d3d8","type":"ui_chart","z":"36764ba9.4346e4","name":"","group":"d01968d9.dc9898","order":1,"width":0,"height":0,"label":"Recent History","chartType":"line","legend":"false","xformat":"HH:mm:ss","interpolate":"linear","nodata":"","dot":false,"ymin":"","ymax":"","removeOlder":1,"removeOlderPoints":"","removeOlderUnit":"3600","cutout":0,"useOneColor":false,"useUTC":false,"colors":["#6e13dd","#aec7e8","#ff7f0e","#2ca02c","#98df8a","#d62728","#ff9896","#9467bd","#c5b0d5"],"useOldStyle":false,"outputs":1,"x":640,"y":100,"wires":[[]]},{"id":"6182682f.7c91e8","type":"wiotp out","z":"8e1cc4c.e83d138","authType":"d","qs":"false","qsDeviceId":"","deviceKey":"50c4284.177ffd8","deviceType":"","deviceId":"","event":"data to wiot","format":"json","qos":"","name":"distance device","x":820,"y":680,"wires":[]},{"id":"550da3c5.ae3d6c","type":"function","z":"8e1cc4c.e83d138","name":"Format Time Series DB record","func":"msg.payload.d = {\n        time:    new Date().getTime(),\n        distance: msg.payload.d.distance,\n        gas:msg.payload.d.gas,\n        ratio:msg.payload.d.ratio,\n        lat:msg.payload.d.lat,\n        lng:msg.payload.d.lng,\n        \n    } ;\nreturn msg;","outputs":1,"noerr":0,"x":490,"y":600,"wires":[[]]},{"id":"2bc2643f.6fa89c","type":"cloudant out","z":"8e1cc4c.e83d138","name":"","cloudant":"","database":"store","service":"node-red-deloitte-cloudant-1589797218847","payonly":true,"operation":"insert","x":730,"y":600,"wires":[]},{"id":"fa85b9db.d22948","type":"cloudant in","z":"8e1cc4c.e83d138","name":"","cloudant":"","database":"store","service":"node-red-deloitte-cloudant-1589797218847","search":"_all_","design":"","index":"","x":330,"y":760,"wires":[["e1159ab8.b6ac08"]]},{"id":"5f5e5e21.70e9e","type":"comment","z":"8e1cc4c.e83d138","name":"to the database","info":"","x":440,"y":640,"wires":[]},{"id":"35944d21.6a5bf2","type":"comment","z":"8e1cc4c.e83d138","name":"data to the watson iot","info":"","x":440,"y":680,"wires":[]},{"id":"88ca69c4.77d4e8","type":"debug","z":"8e1cc4c.e83d138","name":"dev03","active":false,"tosidebar":true,"console":false,"tostatus":false,"complete":"payload","targetType":"msg","x":730,"y":760,"wires":[]},{"id":"e1159ab8.b6ac08","type":"function","z":"8e1cc4c.e83d138","name":"get data","func":"var msgs = [];\nfor (var i =0;i< msg.payload.length;i++){\n    msgs.push({payload: msg.payload[i]});\n    //return({payload: msg.payload[0].d});\n    //return{payload:msgs[0].payload.d};\n   \n}\nreturn [msgs];\n","outputs":1,"noerr":0,"initialize":"","finalize":"","x":500,"y":760,"wires":[["88ca69c4.77d4e8","6182682f.7c91e8"]]},{"id":"cf6cf14d.9700d","type":"ui_toast","z":"1b6f1e1a.020ab2","position":"prompt","displayTime":"3","highlight":"","sendall":true,"outputs":1,"ok":"OK","cancel":"","raw":false,"topic":"","name":"","x":830,"y":620,"wires":[[]]},{"id":"ed08a42.451ce58","type":"debug","z":"36764ba9.4346e4","name":"","active":true,"tosidebar":true,"console":false,"tostatus":false,"complete":"true","targetType":"full","x":930,"y":340,"wires":[]},{"id":"922e3ea7.921ca","type":"ui_chart","z":"1b6f1e1a.020ab2","name":"","group":"f87a4ce.9ec62b","order":2,"width":0,"height":0,"label":"CO in ppm","chartType":"line","legend":"false","xformat":"HH:mm:ss","interpolate":"linear","nodata":"","dot":false,"ymin":"","ymax":"","removeOlder":1,"removeOlderPoints":"","removeOlderUnit":"3600","cutout":0,"useOneColor":false,"useUTC":false,"colors":["#00d9ff","#aec7e8","#ff7f0e","#2ca02c","#98df8a","#d62728","#ff9896","#9467bd","#c5b0d5"],"useOldStyle":false,"outputs":1,"x":540,"y":140,"wires":[[]]},{"id":"7ed541c4.d8a1b","type":"twilio out","z":"36764ba9.4346e4","service":"_ext_","twilio":"bc4e91e0.08b7f","from":"","number":"+918848922017","name":"","x":970,"y":380,"wires":[]},{"id":"5ffdbf66.ad6f","type":"ui_audio","z":"36764ba9.4346e4","name":"","group":"d01968d9.dc9898","voice":"en-US","always":true,"x":860,"y":160,"wires":[]},{"id":"7ce589a3.858038","type":"ibmiot in","z":"8e1cc4c.e83d138","authentication":"apiKey","apiKey":"df898fda.7b357","inputType":"evt","logicalInterface":"","ruleId":"","deviceId":"dev01","applicationId":"","deviceType":"Esp8266","eventType":"+","commandType":"","format":"json","name":"IBM IoT","service":"registered","allDevices":false,"allApplications":"","allDeviceTypes":false,"allLogicalInterfaces":"","allEvents":true,"allCommands":"","allFormats":true,"qos":0,"x":230,"y":600,"wires":[["550da3c5.ae3d6c"]]},{"id":"3dd40f9.54241f","type":"function","z":"1db8e91.513cc17","name":"send data frm db to watson iot","func":"var msgs = [];\nfor (var i =0;i< msg.payload.length;i++){\n    msgs.push({payload: msg.payload[i]});\n    //return({payload: msg.payload[0].d});\n    //return{payload:msgs[0].payload.d};\n   \n}\nreturn [msgs];\n","outputs":1,"noerr":0,"initialize":"","finalize":"","x":630,"y":120,"wires":[["fb18aafa.d5cf68","d0360079.a9504"]]},{"id":"85addd12.7eb9b","type":"cloudant in","z":"1db8e91.513cc17","name":"","cloudant":"373621ef.c7bd8e","database":"store","service":"node-red-deloitte-cloudant-1589797218847","search":"_all_","design":"","index":"","x":390,"y":120,"wires":[["3dd40f9.54241f"]]},{"id":"fb18aafa.d5cf68","type":"debug","z":"1db8e91.513cc17","name":"","active":true,"tosidebar":true,"console":false,"tostatus":false,"complete":"true","targetType":"full","x":870,"y":140,"wires":[]},{"id":"7cc720cd.b7351","type":"debug","z":"1db8e91.513cc17","name":"","active":true,"tosidebar":true,"console":false,"tostatus":false,"complete":"false","x":390,"y":160,"wires":[]},{"id":"7c2877c3.d69958","type":"ui_button","z":"1db8e91.513cc17","name":"","group":"c2e1a522.c87198","order":4,"width":"0","height":"0","passthru":false,"label":"Load data","tooltip":"","color":"","bgcolor":"","icon":"","payload":"1","payloadType":"num","topic":"","x":130,"y":140,"wires":[["85addd12.7eb9b","7cc720cd.b7351"]]},{"id":"d0360079.a9504","type":"wiotp out","z":"1db8e91.513cc17","authType":"d","qs":"false","qsDeviceId":"","deviceKey":"f8ddc3d5.0089f","deviceType":"","deviceId":"","event":"temp","format":"json","qos":"","name":"Temperature","x":890,"y":60,"wires":[]},{"id":"20e2f899.4434a8","type":"debug","z":"5abd95b9.22e07c","name":"","active":true,"console":"false","complete":"false","x":550,"y":120,"wires":[]},{"id":"6dd58a2f.a7dec4","type":"function","z":"5abd95b9.22e07c","name":"Device payload","func":"var temp1 = [25,27,38.5,40,31.5,33,34,32.2,39,31];\nvar heart = [58,120,78,150,85,50,52,200,195,85]\nvar humidity1 = [50,55,61,68,65,60,53,49,45,47];\nvar dist=[82,90,56,50,78,30,45,29,40];\nvar lat=[9.94016,9.94015,9.9404,9.94016,9.94016,9.94016,9.94016,9.94016,9.94016,9.94016];\nvar lon=[76.344,76.344,76.344,76.344,76.343,76.343,76.344,76.344,76.344,76.344];\nvar g=[3.040076,3.040076,3.040076,3.040076,3.042698,3.040076,3.042698,3.040076,3.042698,3.040076];\nvar gr=[88.6087,88.6087,88.6087,88.6087,73.7612,88.6087,73.7612,88.6087,73.7612,88.6087];\nvar c=[63.16771,55.21739,33.81271,73.76812,55.21739,63.16771,55.21739,55.21739,63.16771,63.16771];\nvar cp=[3.045322,3.047949,3.061116,3.042698,3.047949,3.045322,3.047949,3.047949,3.045332,3.045332];\nvar a =[8,9,1,22,10,9,8,14,12,9];\nvar button=[0,0,0,0,1,0,0,0,0,1];\nvar counter1 = context.get('counter1')||0;\ncounter1 = counter1+1;\nif(counter1 > 9) counter1 = 0;\ncontext.set('counter1',counter1);\n\n// Create MQTT message in JSON\nmsg = {\n payload: JSON.stringify(\n {\n d:{\n \"temperature\" : temp1[counter1],\n \"humidity\" : humidity1[counter1],\n \"heart\":heart[counter1],\n \"distance\":dist[counter1],\n \"latitude\":lat[counter1],\n \"longitude\":lon[counter1],\n \"gas\":g[counter1],\n \"gasratio\":gr[counter1],\n \"co\":c[counter1],\n \"CO_ppm\":cp[counter1],\n \"AM\":a[counter1],\n \"button\":button[counter1]\n }\n }\n )\n};\nreturn msg;","outputs":1,"noerr":0,"initialize":"","finalize":"","x":320,"y":220,"wires":[["20e2f899.4434a8"]]},{"id":"22250565.46d72a","type":"inject","z":"5abd95b9.22e07c","name":"","props":[{"p":"payload"},{"p":"topic","vt":"str"}],"repeat":"18000","crontab":"","once":false,"onceDelay":0.1,"topic":"","payload":"","payloadType":"date","x":120,"y":220,"wires":[["6dd58a2f.a7dec4"]]},{"id":"87e67006.2ac6a","type":"wiotp out","z":"5abd95b9.22e07c","authType":"d","qs":"false","qsDeviceId":"","deviceKey":"f8ddc3d5.0089f","deviceType":"","deviceId":"","event":"temp","format":"json","qos":"","name":"Temperature","x":590,"y":220,"wires":[]}]